Workbook

Sheet Summary
A1: Upwork bid funnel, 1 Aug – 20 Oct 2026
A2: Built from Notion: Upwork Bids + Interviews. All numbers below are formulas over the other tabs.
A4: Metric | B4: Aug–Oct | C4: Jan–Jul baseline | D4: Change | E4: What it means
A5: Bids sent | B5: ='Monthly Trend'!C17 -> 482 | C5: ='Monthly Trend'!C16 -> 2102 | D5: =IFERROR((B5/'Monthly Trend'!I17)/(C5/'Monthly Trend'!I16)-1,0) -> -0.3998426 | E5: Volume is down about 40% per day: 5.9 bids a day vs 9.9 in Jan–Jul.
A6: Bids per day | B6: ='Monthly Trend'!J17 -> 5.9506173 | C6: ='Monthly Trend'!J16 -> 9.9150943 | D6: =B6-C6 -> -3.9644771
A7: Interviews | B7: ='Monthly Trend'!D17 -> 25 | C7: ='Monthly Trend'!D16 -> 158 | D7: =IFERROR((B7/'Monthly Trend'!I17)/(C7/'Monthly Trend'!I16)-1,0) -> -0.58587279
A8: Won | B8: ='Monthly Trend'!E17 -> 3 | C8: ='Monthly Trend'!E16 -> 25 | D8: =IFERROR((B8/'Monthly Trend'!I17)/(C8/'Monthly Trend'!I16)-1,0) -> -0.68592593 | E8: 3 wins from bids sent since 1 Aug: Selva Ganesan and Miss Money Savvy (Polina), Marc Staal (Shevk). 4 contracts closed in the period (see Wins by Close Date).
A9: Bid → Interview | B9: ='Monthly Trend'!F17 -> 0.05186722 | C9: ='Monthly Trend'!F16 -> 0.075166508 | D9: =B9-C9 -> -0.023299288 | E9: 5.2%, flat every month (5.3%, 5.6%, 4.5%). That matches Mar–Jul (5.3%). The Jan–Jul average is lifted by Jan–Feb (10–14%).
A10: Bid → Won | B10: ='Monthly Trend'!G17 -> 0.0062240664 | C10: ='Monthly Trend'!G16 -> 0.011893435 | D10: =B10-C10 -> -0.0056693684 | E10: Down from 1.2% (1 in 84 bids) to 0.6% (1 in 161). Mar–Jul was 1.0%.
A11: Interview → Won | B11: ='Monthly Trend'!H17 -> 0.12 | C11: ='Monthly Trend'!H16 -> 0.15822785 | D11: =B11-C11 -> -0.038227848 | E11: 3 of 25 (12%) vs 16% in Jan–Jul and 19% in Mar–Jul. 14 of 25 interviews have no stage and none has a Lost reason.
A12: Organic Bid → Interview (Alex + Nstya) | B12: ='By Profile'!K9 -> 0.04989605 | E12: Excludes 1 INVITE (client invitation).
A13: Contracts closed in Aug–Oct (by Date Won) | B13: ='Wins by Close Date'!H11 -> 4 | E13: Ben Jacoby, Selva Ganesan, Miss Money Savvy, Marc Staal. 3 of the 4 came through Nstya.
A14: Avg days from bid to interview | B14: =Interviews!J27 -> 4.25
A16: Upwork profiles (Aug–Oct)
A17: Profile | B17: Bids | C17: Bid → Interview | D17: Organic Bid → Interview | E17: Won
A18: ='By Profile'!A5 -> Yulia | B18: ='By Profile'!B5 -> 288 | C18: ='By Profile'!F5 -> 0.065972222 | D18: ='By Profile'!K5 -> 0.06271777 | E18: ='By Profile'!E5 -> 0
A19: ='By Profile'!A6 -> Polina | B19: ='By Profile'!B6 -> 105 | C19: ='By Profile'!F6 -> 0.038095238 | D19: ='By Profile'!K6 -> 0.038095238 | E19: ='By Profile'!E6 -> 2
A20: ='By Profile'!A7 -> Shevk | B20: ='By Profile'!B7 -> 48 | C20: ='By Profile'!F7 -> 0.020833333 | D20: ='By Profile'!K7 -> 0.020833333 | E20: ='By Profile'!E7 -> 1
A21: ='By Profile'!A8 -> Andrew | B21: ='By Profile'!B8 -> 41 | C21: ='By Profile'!F8 -> 0.024390244 | D21: ='By Profile'!K8 -> 0.024390244 | E21: ='By Profile'!E8 -> 0
A23: Most bids | B23: ='By Profile'!B14 -> Yulia | C23: ='By Profile'!C14 -> 288
A24: Best organic Bid → Interview | B24: ='By Profile'!B15 -> Yulia | C24: ='By Profile'!C15 -> 0.06271777
A26: Findings
A27: 1. Yulia carries the bid volume. She sends 60% of bids (288) and gets 19 of 25 interviews (6.6%, 6.3% organic), the best interview rate of any profile. That's down from 8.2% in Jan–Jul, and none of her Aug–Oct bids has closed yet.
A28: 2. Polina converts best to contracts. 105 bids, 4 interviews (3.8%), 2 wins (Selva Ganesan and Miss Money Savvy): 1.9% Bid → Won and 50% Interview → Won.
A29: 3. Shevk (48 bids) and Andrew (41 bids) get 1 interview each. Shevk's one interview, Marc Staal, came through Nstya and closed (2.1% Bid → Won on one deal). Andrew's Jan–Jul rate was 8.6%.
A30: 4. Nstya's leads close. All 5 of her bids since 1 Aug became interviews and 2 closed. She also sourced 3 of the 4 contracts that closed in Aug–Oct, plus John Brown. Alex's 476 bids gave 19 interviews (4.0%) and 1 win.
A31: 5. Bid → Interview matches Mar–Jul (5.2% vs 5.3%). The drop is after the interview: Interview → Won is 12% vs 19% in Mar–Jul, and Alex-sourced interviews closed 1 of 19.
A32: 6. Full weeks hold at 34–51 bids. Interviews come in bursts: 4 in the week of 17 Aug, 5 in the week of 28 Sep, none in the weeks of 24 Aug and 5 Oct.
A33: 7. Data gaps. 14 of 25 interviews have no Interview Stage and none has a Lost reason. 8 are still open (Waiting / Estimation). John Brown has no Date Won.

Sheet Interviews
A1: Bid Date | B1: Upwork Profile | C1: Leadgen | D1: Client | E1: Job Title | F1: Bid Status (Upwork Bids) | G1: Interview Stage (Interviews) | H1: Interview Started | I1: Won (1/0) | J1: Days bid → interview | K1: Bid page | L1: Interview page | M1: Date Won
A2: 46235 | B2: Yulia | C2: Alex | D2: Mark Lawrance | E2: WordPress Website for Osteopathy Clinic | F2: Interview | H2: 46247 | I2: =IF(OR(ISNUMBER(SEARCH("Won",F2)),G2="Won"),1,0) -> 0 | J2: =IF(H2="","",H2-A2) -> 12 | K2: https://app.notion.com/p/3aebd8b60a6380ffae17f7a8640b3a9f | L2: https://app.notion.com/p/3babd8b60a6381d7a9fadb59a24e4ab4
A3: 46237 | B3: Yulia | C3: INVITE | D3: Nila Artika | E3: Front-End Web Developer (Hubspot Automations Skills is a Bonus) | F3: Interview | H3: 46237 | I3: =IF(OR(ISNUMBER(SEARCH("Won",F3)),G3="Won"),1,0) -> 0 | J3: =IF(H3="","",H3-A3) -> 0 | K3: https://app.notion.com/p/3b1bd8b60a6380fe8972fba06776352c | L3: https://app.notion.com/p/3b1bd8b60a6381d5b12bef45d16ee5c7
A4: 46242 | B4: Yulia | C4: Alex | D4: Osasu Sule | E4: Coming Soon Website Designer Needed | F4: Interview | H4: 46244 | I4: =IF(OR(ISNUMBER(SEARCH("Won",F4)),G4="Won"),1,0) -> 0 | J4: =IF(H4="","",H4-A4) -> 2 | K4: https://app.notion.com/p/3b6bd8b60a6380c3a9d4cd6fc4e0d4ba | L4: https://app.notion.com/p/3b8bd8b60a6381939f0cd23fb0bc08cf
A5: 46243 | B5: Yulia | C5: Alex | D5: Kevin Brennan | E5: Simple Website for Executive Coaching | F5: Interview | H5: 46246 | I5: =IF(OR(ISNUMBER(SEARCH("Won",F5)),G5="Won"),1,0) -> 0 | J5: =IF(H5="","",H5-A5) -> 3 | K5: https://app.notion.com/p/3b6bd8b60a6380b58dffcf1fb2048c16 | L5: https://app.notion.com/p/3babd8b60a638162859ceafb39eec6ef
A6: 46248 | B6: Yulia | C6: Alex | D6: Omer Atli | E6: Senior Web & UI/UX Designer for Healthcare AI Company | F6: Interview | H6: 46248 | I6: =IF(OR(ISNUMBER(SEARCH("Won",F6)),G6="Won"),1,0) -> 0 | J6: =IF(H6="","",H6-A6) -> 0 | K6: https://app.notion.com/p/3bcbd8b60a638036999afddb9f2997df | L6: https://app.notion.com/p/3bcbd8b60a63815abc31ccd14e852a23
A7: 46251 | B7: Yulia | C7: Alex | D7: Lillian Bess | E7: Website Designer - Word Press | F7: Interview | H7: 46252 | I7: =IF(OR(ISNUMBER(SEARCH("Won",F7)),G7="Won"),1,0) -> 0 | J7: =IF(H7="","",H7-A7) -> 1 | K7: https://app.notion.com/p/3bfbd8b60a638059bc48fcfbfe32712d | L7: https://app.notion.com/p/3bfbd8b60a638121bb3ef3c819d9a781
A8: 46251 | B8: Yulia | C8: Nstya | D8: Michael Wong Loi Sing | E8: WordPress Elementor Pro Website Design | F8: Interview | G8: Waiting for Response | H8: 46304 | I8: =IF(OR(ISNUMBER(SEARCH("Won",F8)),G8="Won"),1,0) -> 0 | J8: =IF(H8="","",H8-A8) -> 53 | K8: https://app.notion.com/p/3f4bd8b60a6380979690d118872c5fe7 | L8: https://app.notion.com/p/3f4bd8b60a6381d99b8ce80422adedf3
A9: 46253 | B9: Yulia | C9: Alex | D9: Liu Yin | E9: Redesign & Relaunch Wordpress Website | F9: Interview | H9: 46255 | I9: =IF(OR(ISNUMBER(SEARCH("Won",F9)),G9="Won"),1,0) -> 0 | J9: =IF(H9="","",H9-A9) -> 2 | K9: https://app.notion.com/p/3c1bd8b60a6380e68ff5e16d9dc90a05 | L9: https://app.notion.com/p/3c3bd8b60a6381c485e8f231672ce4c5
A10: 46257 | B10: Yulia | C10: Alex | D10: Roxana Siman | E10: Creative Web Designer & Developer for Marketing Agency Website | F10: Interview | H10: 46261 | I10: =IF(OR(ISNUMBER(SEARCH("Won",F10)),G10="Won"),1,0) -> 0 | J10: =IF(H10="","",H10-A10) -> 4 | K10: https://app.notion.com/p/3c5bd8b60a6380f9beffec7f6ebf7bcc | L10: https://app.notion.com/p/3c9bd8b60a6381bcb17ee7bea7f0dbd1
A11: 46268 | B11: Polina | C11: Nstya | D11: Miss Money Savvy | E11: WordPress Designer & Developer – UK Consumer Brand Website Redesign & Rebuild | F11: Interview, Won | G11: Won | I11: =IF(OR(ISNUMBER(SEARCH("Won",F11)),G11="Won"),1,0) -> 1 | J11: =IF(H11="","",H11-A11) | K11: https://app.notion.com/p/3ffbd8b60a638145bda3f714ba95b244 | L11: https://app.notion.com/p/3ffbd8b60a6381b08276f6ac45a7b9f9 | M11: 46283
A12: 46269 | B12: Polina | C12: Alex | D12: Selva Ganesan | E12: Figma Designer for Website Visuals | F12: Interview, Won | G12: Won | H12: 46271 | I12: =IF(OR(ISNUMBER(SEARCH("Won",F12)),G12="Won"),1,0) -> 1 | J12: =IF(H12="","",H12-A12) -> 2 | K12: https://app.notion.com/p/3d1bd8b60a6380f8b80af7ded3b1d693 | L12: https://app.notion.com/p/3d3bd8b60a63812c9b83c241d0759778 | M12: 46273
A13: 46271 | B13: Yulia | C13: Alex | D13: Kevin Marcum | E13: GeneratePress Premium + GenerateBlocks Developer for Custom WordPress Landing Page | F13: Interview | H13: 46271 | I13: =IF(OR(ISNUMBER(SEARCH("Won",F13)),G13="Won"),1,0) -> 0 | J13: =IF(H13="","",H13-A13) -> 0 | K13: https://app.notion.com/p/3d2bd8b60a6380239fbbf2e5caf3535b | L13: https://app.notion.com/p/3d3bd8b60a6381b88a86eeb3ed090c66
A14: 46275 | B14: Polina | C14: Alex | D14: Alex Andrei | E14: Amazing UI / UX Designer | F14: Interview | H14: 46281 | I14: =IF(OR(ISNUMBER(SEARCH("Won",F14)),G14="Won"),1,0) -> 0 | J14: =IF(H14="","",H14-A14) -> 6 | K14: https://app.notion.com/p/3d7bd8b60a6380d09a13c7ea99f5c73d | L14: https://app.notion.com/p/3ddbd8b60a638178b0c7e3683708efe0
A15: 46280 | B15: Yulia | C15: Alex | D15: Edward Horrocks | E15: Website Developer to Build Site from Figma Design | F15: Interview | H15: 46281 | I15: =IF(OR(ISNUMBER(SEARCH("Won",F15)),G15="Won"),1,0) -> 0 | J15: =IF(H15="","",H15-A15) -> 1 | K15: https://app.notion.com/p/3dcbd8b60a6380e2b52cf7954feedfe4 | L15: https://app.notion.com/p/3ddbd8b60a6381baa7b1f0a2af8af605
A16: 46281 | B16: Yulia | C16: Alex | D16: Darian James | E16: Premium Website & Brand Design for Executive Transportation Company (Homepage First) | F16: Interview | H16: 46283 | I16: =IF(OR(ISNUMBER(SEARCH("Won",F16)),G16="Won"),1,0) -> 0 | J16: =IF(H16="","",H16-A16) -> 2 | K16: https://app.notion.com/p/3ddbd8b60a6380b3ac7afeb14ac92545 | L16: https://app.notion.com/p/3dfbd8b60a638185ab0cec5a8d146a51
A17: 46286 | B17: Yulia | C17: Alex | D17: Luke Stajkovic | E17: WordPress / Elementor Designer & Developer for a Personal Brand Website | F17: Interview | H17: 46287 | I17: =IF(OR(ISNUMBER(SEARCH("Won",F17)),G17="Won"),1,0) -> 0 | J17: =IF(H17="","",H17-A17) -> 1 | K17: https://app.notion.com/p/3e2bd8b60a6380dd8ae2d1f13da0c938 | L17: https://app.notion.com/p/3e2bd8b60a63819d908fe4dfdd23e43a
A18: 46290 | B18: Yulia | C18: Alex | D18: Tiina Luck | E18: Figma web designer for ongoing agency work | F18: Interview | G18: Waiting for Response | H18: 46297 | I18: =IF(OR(ISNUMBER(SEARCH("Won",F18)),G18="Won"),1,0) -> 0 | J18: =IF(H18="","",H18-A18) -> 7 | K18: https://app.notion.com/p/3e6bd8b60a63805f9b19cbdf75e9db07 | L18: https://app.notion.com/p/3edbd8b60a6381beaaefdda254fc9bdd
A19: 46295 | B19: Yulia | C19: Nstya | D19: Nicea Murray | E19: Digital Partner / WordPress Website Designer & Developer – K–5 Education | F19: Interview | G19: Disqualified | H19: 46295 | I19: =IF(OR(ISNUMBER(SEARCH("Won",F19)),G19="Won"),1,0) -> 0 | J19: =IF(H19="","",H19-A19) -> 0 | K19: https://app.notion.com/p/3ebbd8b60a63806baf49fc5adfddb1f7 | L19: https://app.notion.com/p/3ebbd8b60a6381d8b49ae30dfc77e68f
A20: 46295 | B20: Yulia | C20: Alex | D20: Mill Creek | E20: WordPress Website Rebuild with Elementor Pro | F20: Interview | G20: Waiting for Response | H20: 46298 | I20: =IF(OR(ISNUMBER(SEARCH("Won",F20)),G20="Won"),1,0) -> 0 | J20: =IF(H20="","",H20-A20) -> 3 | K20: https://app.notion.com/p/3ebbd8b60a63809a96abd3aef15d0a3a | L20: https://app.notion.com/p/3edbd8b60a638155a8bbc9626f125089
A21: 46297 | B21: Yulia | C21: Alex | D21: Derrick Clayton | E21: Senior Web Designer & Developer for Premium Consumer Brand Landing Page | F21: Interview | G21: Waiting for Response | H21: 46298 | I21: =IF(OR(ISNUMBER(SEARCH("Won",F21)),G21="Won"),1,0) -> 0 | J21: =IF(H21="","",H21-A21) -> 1 | K21: https://app.notion.com/p/3edbd8b60a6380be9060ed914eb29833 | L21: https://app.notion.com/p/3edbd8b60a63819291d2cda5658a5b85
A22: 46299 | B22: Yulia | C22: Alex | D22: Michael Joseph | E22: Experienced Web Designer/Developer Needed for Two Professional Websites | F22: Interview | H22: 46301 | I22: =IF(OR(ISNUMBER(SEARCH("Won",F22)),G22="Won"),1,0) -> 0 | J22: =IF(H22="","",H22-A22) -> 2 | K22: https://app.notion.com/p/3efbd8b60a638082810dc2c800331cd9 | L22: https://app.notion.com/p/3f1bd8b60a638190b44fd0aa570788e3
A23: 46299 | B23: Andrew | C23: Alex | D23: Matt Charles | E23: Website Designer for a Luxury B2B Brand — Full-Stack, Member Portal Experience | F23: Interview | H23: 46299 | I23: =IF(OR(ISNUMBER(SEARCH("Won",F23)),G23="Won"),1,0) -> 0 | J23: =IF(H23="","",H23-A23) -> 0 | K23: https://app.notion.com/p/3efbd8b60a6380c89a41ed9957e880d0 | L23: https://app.notion.com/p/3efbd8b60a638180a8fdceec5de0cf41
A24: 46307 | B24: Shevk | C24: Nstya | D24: Marc Staal | E24: Wordpress developer for a start-up | F24: Interview, Won | G24: Won | H24: 46307 | I24: =IF(OR(ISNUMBER(SEARCH("Won",F24)),G24="Won"),1,0) -> 1 | J24: =IF(H24="","",H24-A24) -> 0 | K24: https://app.notion.com/p/3f7bd8b60a638005ac71ff3702d1cc69 | L24: https://app.notion.com/p/3f7bd8b60a6381a98a0beffc50495ba7 | M24: 46308
A25: 46312 | B25: Yulia | C25: Alex | D25: Anish Bhalsod | E25: UI/UX + Graphic Designer | F25: Interview | G25: Estimation | H25: 46312 | I25: =IF(OR(ISNUMBER(SEARCH("Won",F25)),G25="Won"),1,0) -> 0 | J25: =IF(H25="","",H25-A25) -> 0 | K25: https://app.notion.com/p/3fbbd8b60a6380cfa966da65cf868718 | L25: https://app.notion.com/p/3fcbd8b60a63818fb584f73da73ebad6
A26: 46314 | B26: Polina | C26: Nstya | D26: Alexandra Gavilano | E26: Webdesign for decolonial solidarity work | F26: Interview | H26: 46314 | I26: =IF(OR(ISNUMBER(SEARCH("Won",F26)),G26="Won"),1,0) -> 0 | J26: =IF(H26="","",H26-A26) -> 0 | K26: https://app.notion.com/p/3febd8b60a63802fa6f7e12a6dba6554 | L26: https://app.notion.com/p/3febd8b60a6381deb4bef9ab2288aa08
A27: Total | D27: =COUNTA(D2:D26) -> 25 | I27: =SUM(I2:I26) -> 3 | J27: =AVERAGE(J2:J26) -> 4.25
A29: Source: Notion Upwork Bids (Status = Interview, Bid Date ≥ 2026-08-01) joined to Interviews via "Related Bid". Pulled 2026-10-20. Blue = values copied from Notion. Won = Bid Status contains "Won" OR Interview Stage = "Won".

Sheet Data_Monthly
A1: Month start | B1: Month | C1: Upwork Profile | D1: Bids | E1: Interviews | F1: Won | G1: Period
A2: 46023 | B2: 2026-01 | C2: Andrew | D2: 57 | E2: 6 | F2: 1 | G2: Baseline Jan–Jul
A3: 46023 | B3: 2026-01 | C3: Polina | D3: 87 | E3: 13 | F3: 2 | G3: Baseline Jan–Jul
A4: 46023 | B4: 2026-01 | C4: Shevk | D4: 45 | E4: 2 | F4: 0 | G4: Baseline Jan–Jul
A5: 46023 | B5: 2026-01 | C5: Yulia | D5: 142 | E5: 14 | F5: 3 | G5: Baseline Jan–Jul
A6: 46023 | B6: 2026-01 | C6: Nastya | D6: 3 | E6: 0 | F6: 0 | G6: Baseline Jan–Jul
A7: 46023 | B7: 2026-01 | C7: (none) | D7: 1 | E7: 0 | F7: 0 | G7: Baseline Jan–Jul
A8: 46054 | B8: 2026-02 | C8: Andrew | D8: 41 | E8: 7 | F8: 1 | G8: Baseline Jan–Jul
A9: 46054 | B9: 2026-02 | C9: Polina | D9: 123 | E9: 17 | F9: 4 | G9: Baseline Jan–Jul
A10: 46054 | B10: 2026-02 | C10: Shevk | D10: 47 | E10: 4 | F10: 0 | G10: Baseline Jan–Jul
A11: 46054 | B11: 2026-02 | C11: Yulia | D11: 143 | E11: 20 | F11: 0 | G11: Baseline Jan–Jul
A12: 46054 | B12: 2026-02 | C12: Nastya | D12: 2 | E12: 1 | F12: 0 | G12: Baseline Jan–Jul
A13: 46054 | B13: 2026-02 | C13: (none) | D13: 2 | E13: 0 | F13: 0 | G13: Baseline Jan–Jul
... A38: 46204 | B38: 2026-07 | C38: Nastya | D38: 36 | E38: 1 | F38: 0 | G38: Baseline Jan–Jul
A39: 46235 | B39: 2026-08 | C39: Andrew | D39: 17 | E39: =COUNTIFS(Interviews!$A$2:$A$26,">="&A39,Interviews!$A$2:$A$26,"<"&EDATE(A39,1),Interviews!$B$2:$B$26,C39) -> 0 | F39: =SUMIFS(Interviews!$I$2:$I$26,Interviews!$A$2:$A$26,">="&A39,Interviews!$A$2:$A$26,"<"&EDATE(A39,1),Interviews!$B$2:$B$26,C39) -> 0 | G39: Aug–Oct
A40: 46235 | B40: 2026-08 | C40: Polina | D40: 36 | E40: =COUNTIFS(Interviews!$A$2:$A$26,">="&A40,Interviews!$A$2:$A$26,"<"&EDATE(A40,1),Interviews!$B$2:$B$26,C40) -> 0 | F40: =SUMIFS(Interviews!$I$2:$I$26,Interviews!$A$2:$A$26,">="&A40,Interviews!$A$2:$A$26,"<"&EDATE(A40,1),Interviews!$B$2:$B$26,C40) -> 0 | G40: Aug–Oct
A41: 46235 | B41: 2026-08 | C41: Shevk | D41: 12 | E41: =COUNTIFS(Interviews!$A$2:$A$26,">="&A41,Interviews!$A$2:$A$26,"<"&EDATE(A41,1),Interviews!$B$2:$B$26,C41) -> 0 | F41: =SUMIFS(Interviews!$I$2:$I$26,Interviews!$A$2:$A$26,">="&A41,Interviews!$A$2:$A$26,"<"&EDATE(A41,1),Interviews!$B$2:$B$26,C41) -> 0 | G41: Aug–Oct
A42: 46235 | B42: 2026-08 | C42: Yulia | D42: 105 | E42: =COUNTIFS(Interviews!$A$2:$A$26,">="&A42,Interviews!$A$2:$A$26,"<"&EDATE(A42,1),Interviews!$B$2:$B$26,C42) -> 9 | F42: =SUMIFS(Interviews!$I$2:$I$26,Interviews!$A$2:$A$26,">="&A42,Interviews!$A$2:$A$26,"<"&EDATE(A42,1),Interviews!$B$2:$B$26,C42) -> 0 | G42: Aug–Oct
A43: 46266 | B43: 2026-09 | C43: Andrew | D43: 14 | E43: =COUNTIFS(Interviews!$A$2:$A$26,">="&A43,Interviews!$A$2:$A$26,"<"&EDATE(A43,1),Interviews!$B$2:$B$26,C43) -> 0 | F43: =SUMIFS(Interviews!$I$2:$I$26,Interviews!$A$2:$A$26,">="&A43,Interviews!$A$2:$A$26,"<"&EDATE(A43,1),Interviews!$B$2:$B$26,C43) -> 0 | G43: Aug–Oct
A44: 46266 | B44: 2026-09 | C44: Polina | D44: 37 | E44: =COUNTIFS(Interviews!$A$2:$A$26,">="&A44,Interviews!$A$2:$A$26,"<"&EDATE(A44,1),Interviews!$B$2:$B$26,C44) -> 3 | F44: =SUMIFS(Interviews!$I$2:$I$26,Interviews!$A$2:$A$26,">="&A44,Interviews!$A$2:$A$26,"<"&EDATE(A44,1),Interviews!$B$2:$B$26,C44) -> 2 | G44: Aug–Oct
A45: 46266 | B45: 2026-09 | C45: Shevk | D45: 21 | E45: =COUNTIFS(Interviews!$A$2:$A$26,">="&A45,Interviews!$A$2:$A$26,"<"&EDATE(A45,1),Interviews!$B$2:$B$26,C45) -> 0 | F45: =SUMIFS(Interviews!$I$2:$I$26,Interviews!$A$2:$A$26,">="&A45,Interviews!$A$2:$A$26,"<"&EDATE(A45,1),Interviews!$B$2:$B$26,C45) -> 0 | G45: Aug–Oct
A46: 46266 | B46: 2026-09 | C46: Yulia | D46: 108 | E46: =COUNTIFS(Interviews!$A$2:$A$26,">="&A46,Interviews!$A$2:$A$26,"<"&EDATE(A46,1),Interviews!$B$2:$B$26,C46) -> 7 | F46: =SUMIFS(Interviews!$I$2:$I$26,Interviews!$A$2:$A$26,">="&A46,Interviews!$A$2:$A$26,"<"&EDATE(A46,1),Interviews!$B$2:$B$26,C46) -> 0 | G46: Aug–Oct
A47: 46296 | B47: 2026-10 | C47: Andrew | D47: 10 | E47: =COUNTIFS(Interviews!$A$2:$A$26,">="&A47,Interviews!$A$2:$A$26,"<"&EDATE(A47,1),Interviews!$B$2:$B$26,C47) -> 1 | F47: =SUMIFS(Interviews!$I$2:$I$26,Interviews!$A$2:$A$26,">="&A47,Interviews!$A$2:$A$26,"<"&EDATE(A47,1),Interviews!$B$2:$B$26,C47) -> 0 | G47: Aug–Oct
A48: 46296 | B48: 2026-10 | C48: Polina | D48: 32 | E48: =COUNTIFS(Interviews!$A$2:$A$26,">="&A48,Interviews!$A$2:$A$26,"<"&EDATE(A48,1),Interviews!$B$2:$B$26,C48) -> 1 | F48: =SUMIFS(Interviews!$I$2:$I$26,Interviews!$A$2:$A$26,">="&A48,Interviews!$A$2:$A$26,"<"&EDATE(A48,1),Interviews!$B$2:$B$26,C48) -> 0 | G48: Aug–Oct
A49: 46296 | B49: 2026-10 | C49: Shevk | D49: 15 | E49: =COUNTIFS(Interviews!$A$2:$A$26,">="&A49,Interviews!$A$2:$A$26,"<"&EDATE(A49,1),Interviews!$B$2:$B$26,C49) -> 1 | F49: =SUMIFS(Interviews!$I$2:$I$26,Interviews!$A$2:$A$26,">="&A49,Interviews!$A$2:$A$26,"<"&EDATE(A49,1),Interviews!$B$2:$B$26,C49) -> 1 | G49: Aug–Oct
A50: 46296 | B50: 2026-10 | C50: Yulia | D50: 75 | E50: =COUNTIFS(Interviews!$A$2:$A$26,">="&A50,Interviews!$A$2:$A$26,"<"&EDATE(A50,1),Interviews!$B$2:$B$26,C50) -> 3 | F50: =SUMIFS(Interviews!$I$2:$I$26,Interviews!$A$2:$A$26,">="&A50,Interviews!$A$2:$A$26,"<"&EDATE(A50,1),Interviews!$B$2:$B$26,C50) -> 0 | G50: Aug–Oct
A52: Source: Notion Upwork Bids grouped by Bid Date month and Upwork Profile, pulled 2026-10-20. Blue = copied from Notion. Jan–Jul Interviews/Won come from the Bids "Status" field only. Aug–Oct Interviews/Won are counted live from the Interviews tab (adds Interview Stage = Won).

Sheet Monthly Trend
A1: Monthly funnel, Jan–Oct 2026 (focus: Aug–Oct)
A2: Oct is partial (1–20 Oct). Interviews counted by the month the bid was sent.
A4: Month start | B4: Month | C4: Bids | D4: Interviews | E4: Won | F4: Bid → Interview | G4: Bid → Won | H4: Interview → Won | I4: Days counted | J4: Bids per day | K4: Period
A5: 46023 | B5: =TEXT(A5,"mmm yyyy") -> Jan 2026 | C5: =SUMIFS(Data_Monthly!$D$2:$D$50,Data_Monthly!$A$2:$A$50,A5) -> 335 | D5: =SUMIFS(Data_Monthly!$E$2:$E$50,Data_Monthly!$A$2:$A$50,A5) -> 35 | E5: =SUMIFS(Data_Monthly!$F$2:$F$50,Data_Monthly!$A$2:$A$50,A5) -> 6 | F5: =IFERROR(D5/C5,0) -> 0.10447761 | G5: =IFERROR(E5/C5,0) -> 0.017910448 | H5: =IFERROR(E5/D5,0) -> 0.17142857 | I5: =DAY(EOMONTH(A5,0)) -> 31 | J5: =IFERROR(C5/I5,0) -> 10.806452 | K5: Baseline Jan–Jul
A6: 46054 | B6: =TEXT(A6,"mmm yyyy") -> Feb 2026 | C6: =SUMIFS(Data_Monthly!$D$2:$D$50,Data_Monthly!$A$2:$A$50,A6) -> 358 | D6: =SUMIFS(Data_Monthly!$E$2:$E$50,Data_Monthly!$A$2:$A$50,A6) -> 49 | E6: =SUMIFS(Data_Monthly!$F$2:$F$50,Data_Monthly!$A$2:$A$50,A6) -> 5 | F6: =IFERROR(D6/C6,0) -> 0.13687151 | G6: =IFERROR(E6/C6,0) -> 0.01396648 | H6: =IFERROR(E6/D6,0) -> 0.10204082 | I6: =DAY(EOMONTH(A6,0)) -> 28 | J6: =IFERROR(C6/I6,0) -> 12.785714 | K6: Baseline Jan–Jul
A7: 46082 | B7: =TEXT(A7,"mmm yyyy") -> Mar 2026 | C7: =SUMIFS(Data_Monthly!$D$2:$D$50,Data_Monthly!$A$2:$A$50,A7) -> 240 | D7: =SUMIFS(Data_Monthly!$E$2:$E$50,Data_Monthly!$A$2:$A$50,A7) -> 12 | E7: =SUMIFS(Data_Monthly!$F$2:$F$50,Data_Monthly!$A$2:$A$50,A7) -> 3 | F7: =IFERROR(D7/C7,0) -> 0.05 | G7: =IFERROR(E7/C7,0) -> 0.0125 | H7: =IFERROR(E7/D7,0) -> 0.25 | I7: =DAY(EOMONTH(A7,0)) -> 31 | J7: =IFERROR(C7/I7,0) -> 7.7419355 | K7: Baseline Jan–Jul
A8: 46113 | B8: =TEXT(A8,"mmm yyyy") -> Apr 2026 | C8: =SUMIFS(Data_Monthly!$D$2:$D$50,Data_Monthly!$A$2:$A$50,A8) -> 321 | D8: =SUMIFS(Data_Monthly!$E$2:$E$50,Data_Monthly!$A$2:$A$50,A8) -> 14 | E8: =SUMIFS(Data_Monthly!$F$2:$F$50,Data_Monthly!$A$2:$A$50,A8) -> 1 | F8: =IFERROR(D8/C8,0) -> 0.043613707 | G8: =IFERROR(E8/C8,0) -> 0.0031152648 | H8: =IFERROR(E8/D8,0) -> 0.071428571 | I8: =DAY(EOMONTH(A8,0)) -> 30 | J8: =IFERROR(C8/I8,0) -> 10.7 | K8: Baseline Jan–Jul
A9: 46143 | B9: =TEXT(A9,"mmm yyyy") -> May 2026 | C9: =SUMIFS(Data_Monthly!$D$2:$D$50,Data_Monthly!$A$2:$A$50,A9) -> 318 | D9: =SUMIFS(Data_Monthly!$E$2:$E$50,Data_Monthly!$A$2:$A$50,A9) -> 23 | E9: =SUMIFS(Data_Monthly!$F$2:$F$50,Data_Monthly!$A$2:$A$50,A9) -> 7 | F9: =IFERROR(D9/C9,0) -> 0.072327044 | G9: =IFERROR(E9/C9,0) -> 0.022012579 | H9: =IFERROR(E9/D9,0) -> 0.30434783 | I9: =DAY(EOMONTH(A9,0)) -> 31 | J9: =IFERROR(C9/I9,0) -> 10.258065 | K9: Baseline Jan–Jul
A10: 46174 | B10: =TEXT(A10,"mmm yyyy") -> Jun 2026 | C10: =SUMIFS(Data_Monthly!$D$2:$D$50,Data_Monthly!$A$2:$A$50,A10) -> 280 | D10: =SUMIFS(Data_Monthly!$E$2:$E$50,Data_Monthly!$A$2:$A$50,A10) -> 12 | E10: =SUMIFS(Data_Monthly!$F$2:$F$50,Data_Monthly!$A$2:$A$50,A10) -> 1 | F10: =IFERROR(D10/C10,0) -> 0.042857143 | G10: =IFERROR(E10/C10,0) -> 0.0035714286 | H10: =IFERROR(E10/D10,0) -> 0.083333333 | I10: =DAY(EOMONTH(A10,0)) -> 30 | J10: =IFERROR(C10/I10,0) -> 9.3333333 | K10: Baseline Jan–Jul
A11: 46204 | B11: =TEXT(A11,"mmm yyyy") -> Jul 2026 | C11: =SUMIFS(Data_Monthly!$D$2:$D$50,Data_Monthly!$A$2:$A$50,A11) -> 250 | D11: =SUMIFS(Data_Monthly!$E$2:$E$50,Data_Monthly!$A$2:$A$50,A11) -> 13 | E11: =SUMIFS(Data_Monthly!$F$2:$F$50,Data_Monthly!$A$2:$A$50,A11) -> 2 | F11: =IFERROR(D11/C11,0) -> 0.052 | G11: =IFERROR(E11/C11,0) -> 0.008 | H11: =IFERROR(E11/D11,0) -> 0.15384615 | I11: =DAY(EOMONTH(A11,0)) -> 31 | J11: =IFERROR(C11/I11,0) -> 8.0645161 | K11: Baseline Jan–Jul
A12: 46235 | B12: =TEXT(A12,"mmm yyyy") -> Aug 2026 | C12: =SUMIFS(Data_Monthly!$D$2:$D$50,Data_Monthly!$A$2:$A$50,A12) -> 170 | D12: =SUMIFS(Data_Monthly!$E$2:$E$50,Data_Monthly!$A$2:$A$50,A12) -> 9 | E12: =SUMIFS(Data_Monthly!$F$2:$F$50,Data_Monthly!$A$2:$A$50,A12) -> 0 | F12: =IFERROR(D12/C12,0) -> 0.052941176 | G12: =IFERROR(E12/C12,0) -> 0 | H12: =IFERROR(E12/D12,0) -> 0 | I12: =DAY(EOMONTH(A12,0)) -> 31 | J12: =IFERROR(C12/I12,0) -> 5.483871 | K12: Aug–Oct
A13: 46266 | B13: =TEXT(A13,"mmm yyyy") -> Sep 2026 | C13: =SUMIFS(Data_Monthly!$D$2:$D$50,Data_Monthly!$A$2:$A$50,A13) -> 180 | D13: =SUMIFS(Data_Monthly!$E$2:$E$50,Data_Monthly!$A$2:$A$50,A13) -> 10 | E13: =SUMIFS(Data_Monthly!$F$2:$F$50,Data_Monthly!$A$2:$A$50,A13) -> 2 | F13: =IFERROR(D13/C13,0) -> 0.055555556 | G13: =IFERROR(E13/C13,0) -> 0.011111111 | H13: =IFERROR(E13/D13,0) -> 0.2 | I13: =DAY(EOMONTH(A13,0)) -> 30 | J13: =IFERROR(C13/I13,0) -> 6 | K13: Aug–Oct
A14: 46296 | B14: =TEXT(A14,"mmm yyyy") -> Oct 2026 | C14: =SUMIFS(Data_Monthly!$D$2:$D$50,Data_Monthly!$A$2:$A$50,A14) -> 132 | D14: =SUMIFS(Data_Monthly!$E$2:$E$50,Data_Monthly!$A$2:$A$50,A14) -> 6 | E14: =SUMIFS(Data_Monthly!$F$2:$F$50,Data_Monthly!$A$2:$A$50,A14) -> 1 | F14: =IFERROR(D14/C14,0) -> 0.045454545 | G14: =IFERROR(E14/C14,0) -> 0.0075757576 | H14: =IFERROR(E14/D14,0) -> 0.16666667 | I14: 20 | J14: =IFERROR(C14/I14,0) -> 6.6 | K14: Aug–Oct
B16: Baseline Jan–Jul | C16: =SUM(C5:C11) -> 2102 | D16: =SUM(D5:D11) -> 158 | E16: =SUM(E5:E11) -> 25 | F16: =IFERROR(D16/C16,0) -> 0.075166508 | G16: =IFERROR(E16/C16,0) -> 0.011893435 | H16: =IFERROR(E16/D16,0) -> 0.15822785 | I16: =SUM(I5:I11) -> 212 | J16: =IFERROR(C16/I16,0) -> 9.9150943
B17: Aug–Oct (period) | C17: =SUM(C12:C14) -> 482 | D17: =SUM(D12:D14) -> 25 | E17: =SUM(E12:E14) -> 3 | F17: =IFERROR(D17/C17,0) -> 0.05186722 | G17: =IFERROR(E17/C17,0) -> 0.0062240664 | H17: =IFERROR(E17/D17,0) -> 0.12 | I17: =SUM(I12:I14) -> 81 | J17: =IFERROR(C17/I17,0) -> 5.9506173
B18: Mar–Jul (excl. Jan–Feb peak) | C18: =SUM(C7:C11) -> 1409 | D18: =SUM(D7:D11) -> 74 | E18: =SUM(E7:E11) -> 14 | F18: =IFERROR(D18/C18,0) -> 0.052519517 | G18: =IFERROR(E18/C18,0) -> 0.0099361249 | H18: =IFERROR(E18/D18,0) -> 0.18918919 | I18: =SUM(I7:I11) -> 153 | J18: =IFERROR(C18/I18,0) -> 9.2091503
B19: Change, period vs baseline | F19: =F17-F16 -> -0.023299288 | G19: =G17-G16 -> -0.0056693684 | H19: =H17-H16 -> -0.038227848 | J19: =J17-J16 -> -3.9644771 | K19: pts / bids per day

Sheet By Profile
A1: Upwork profile performance, 1 Aug – 20 Oct 2026
A2: "Organic" = Leadgen Alex or Nstya. INVITE (client invitations) is excluded because we did not bid cold.
A4: Upwork Profile | B4: Bids | C4: Share of bids | D4: Interviews | E4: Won | F4: Bid → Interview | G4: Bid → Won | H4: Interview → Won | I4: Organic bids (Alex + Nstya) | J4: Organic interviews | K4: Organic Bid → Interview | L4: Bids Jan–Jul | M4: Interviews Jan–Jul | N4: Bid → Interview Jan–Jul | O4: Change vs Jan–Jul | P4: Rank by organic Bid → Interview
A5: Yulia | B5: =SUMIFS(Data_Monthly!$D$2:$D$50,Data_Monthly!$C$2:$C$50,A5,Data_Monthly!$A$2:$A$50,">="&DATE(2026,8,1)) -> 288 | C5: =IFERROR(B5/$B$9,0) -> 0.59751037 | D5: =COUNTIFS(Interviews!$B$2:$B$26,A5) -> 19 | E5: =SUMIFS(Interviews!$I$2:$I$26,Interviews!$B$2:$B$26,A5) -> 0 | F5: =IFERROR(D5/B5,0) -> 0.065972222 | G5: =IFERROR(E5/B5,0) -> 0 | H5: =IFERROR(E5/D5,0) -> 0 | I5: =B5-COUNTIFS(Interviews!$B$2:$B$26,A5,Interviews!$C$2:$C$26,"INVITE") -> 287 | J5: =D5-COUNTIFS(Interviews!$B$2:$B$26,A5,Interviews!$C$2:$C$26,"INVITE") -> 18 | K5: =IFERROR(J5/I5,0) -> 0.06271777 | L5: =SUMIFS(Data_Monthly!$D$2:$D$50,Data_Monthly!$C$2:$C$50,A5,Data_Monthly!$A$2:$A$50,"<"&DATE(2026,8,1)) -> 938 | M5: =SUMIFS(Data_Monthly!$E$2:$E$50,Data_Monthly!$C$2:$C$50,A5,Data_Monthly!$A$2:$A$50,"<"&DATE(2026,8,1)) -> 77 | N5: =IFERROR(M5/L5,0) -> 0.082089552 | O5: =F5-N5 -> -0.01611733 | P5: =RANK(K5,$K$5:$K$8,0) -> 1
A6: Polina | B6: =SUMIFS(Data_Monthly!$D$2:$D$50,Data_Monthly!$C$2:$C$50,A6,Data_Monthly!$A$2:$A$50,">="&DATE(2026,8,1)) -> 105 | C6: =IFERROR(B6/$B$9,0) -> 0.21784232 | D6: =COUNTIFS(Interviews!$B$2:$B$26,A6) -> 4 | E6: =SUMIFS(Interviews!$I$2:$I$26,Interviews!$B$2:$B$26,A6) -> 2 | F6: =IFERROR(D6/B6,0) -> 0.038095238 | G6: =IFERROR(E6/B6,0) -> 0.019047619 | H6: =IFERROR(E6/D6,0) -> 0.5 | I6: =B6-COUNTIFS(Interviews!$B$2:$B$26,A6,Interviews!$C$2:$C$26,"INVITE") -> 105 | J6: =D6-COUNTIFS(Interviews!$B$2:$B$26,A6,Interviews!$C$2:$C$26,"INVITE") -> 4 | K6: =IFERROR(J6/I6,0) -> 0.038095238 | L6: =SUMIFS(Data_Monthly!$D$2:$D$50,Data_Monthly!$C$2:$C$50,A6,Data_Monthly!$A$2:$A$50,"<"&DATE(2026,8,1)) -> 549 | M6: =SUMIFS(Data_Monthly!$E$2:$E$50,Data_Monthly!$C$2:$C$50,A6,Data_Monthly!$A$2:$A$50,"<"&DATE(2026,8,1)) -> 39 | N6: =IFERROR(M6/L6,0) -> 0.071038251 | O6: =F6-N6 -> -0.032943013 | P6: =RANK(K6,$K$5:$K$8,0) -> 2
A7: Shevk | B7: =SUMIFS(Data_Monthly!$D$2:$D$50,Data_Monthly!$C$2:$C$50,A7,Data_Monthly!$A$2:$A$50,">="&DATE(2026,8,1)) -> 48 | C7: =IFERROR(B7/$B$9,0) -> 0.099585062 | D7: =COUNTIFS(Interviews!$B$2:$B$26,A7) -> 1 | E7: =SUMIFS(Interviews!$I$2:$I$26,Interviews!$B$2:$B$26,A7) -> 1 | F7: =IFERROR(D7/B7,0) -> 0.020833333 | G7: =IFERROR(E7/B7,0) -> 0.020833333 | H7: =IFERROR(E7/D7,0) -> 1 | I7: =B7-COUNTIFS(Interviews!$B$2:$B$26,A7,Interviews!$C$2:$C$26,"INVITE") -> 48 | J7: =D7-COUNTIFS(Interviews!$B$2:$B$26,A7,Interviews!$C$2:$C$26,"INVITE") -> 1 | K7: =IFERROR(J7/I7,0) -> 0.020833333 | L7: =SUMIFS(Data_Monthly!$D$2:$D$50,Data_Monthly!$C$2:$C$50,A7,Data_Monthly!$A$2:$A$50,"<"&DATE(2026,8,1)) -> 246 | M7: =SUMIFS(Data_Monthly!$E$2:$E$50,Data_Monthly!$C$2:$C$50,A7,Data_Monthly!$A$2:$A$50,"<"&DATE(2026,8,1)) -> 13 | N7: =IFERROR(M7/L7,0) -> 0.052845528 | O7: =F7-N7 -> -0.032012195 | P7: =RANK(K7,$K$5:$K$8,0) -> 4
A8: Andrew | B8: =SUMIFS(Data_Monthly!$D$2:$D$50,Data_Monthly!$C$2:$C$50,A8,Data_Monthly!$A$2:$A$50,">="&DATE(2026,8,1)) -> 41 | C8: =IFERROR(B8/$B$9,0) -> 0.085062241 | D8: =COUNTIFS(Interviews!$B$2:$B$26,A8) -> 1 | E8: =SUMIFS(Interviews!$I$2:$I$26,Interviews!$B$2:$B$26,A8) -> 0 | F8: =IFERROR(D8/B8,0) -> 0.024390244 | G8: =IFERROR(E8/B8,0) -> 0 | H8: =IFERROR(E8/D8,0) -> 0 | I8: =B8-COUNTIFS(Interviews!$B$2:$B$26,A8,Interviews!$C$2:$C$26,"INVITE") -> 41 | J8: =D8-COUNTIFS(Interviews!$B$2:$B$26,A8,Interviews!$C$2:$C$26,"INVITE") -> 1 | K8: =IFERROR(J8/I8,0) -> 0.024390244 | L8: =SUMIFS(Data_Monthly!$D$2:$D$50,Data_Monthly!$C$2:$C$50,A8,Data_Monthly!$A$2:$A$50,"<"&DATE(2026,8,1)) -> 268 | M8: =SUMIFS(Data_Monthly!$E$2:$E$50,Data_Monthly!$C$2:$C$50,A8,Data_Monthly!$A$2:$A$50,"<"&DATE(2026,8,1)) -> 23 | N8: =IFERROR(M8/L8,0) -> 0.085820896 | O8: =F8-N8 -> -0.061430652 | P8: =RANK(K8,$K$5:$K$8,0) -> 3
A9: Total | B9: =SUM(B5:B8) -> 482 | C9: =SUM(C5:C8) -> 1 | D9: =SUM(D5:D8) -> 25 | E9: =SUM(E5:E8) -> 3 | F9: =IFERROR(D9/B9,0) -> 0.05186722 | G9: =IFERROR(E9/B9,0) -> 0.0062240664 | H9: =IFERROR(E9/D9,0) -> 0.12 | I9: =SUM(I5:I8) -> 481 | J9: =SUM(J5:J8) -> 24 | K9: =IFERROR(J9/I9,0) -> 0.04989605 | L9: =SUMIFS(Data_Monthly!$D$2:$D$50,Data_Monthly!$A$2:$A$50,"<"&DATE(2026,8,1)) -> 2102 | M9: =SUMIFS(Data_Monthly!$E$2:$E$50,Data_Monthly!$A$2:$A$50,"<"&DATE(2026,8,1)) -> 158 | N9: =IFERROR(M9/L9,0) -> 0.075166508 | O9: =F9-N9 -> -0.023299288
A11: Check: interviews in Interviews tab | D11: =Interviews!D27 -> 25 | E11: =IF(D11=D9,"OK","MISMATCH") -> OK
A12: Check: INVITE bids in period (all are interviews, per Notion query) | D12: =B9-I9 -> 1 | E12: =IF(D12=COUNTIFS(Interviews!$C$2:$C$26,"INVITE"),"OK","MISMATCH") -> OK
A14: Most bids | B14: =INDEX($A$5:$A$8,MATCH(MAX($B$5:$B$8),$B$5:$B$8,0)) -> Yulia | C14: =MAX(B5:B8) -> 288 | D14: bids
A15: Best organic Bid → Interview | B15: =INDEX($A$5:$A$8,MATCH(MAX($K$5:$K$8),$K$5:$K$8,0)) -> Yulia | C15: =MAX(K5:K8) -> 0.06271777
A16: Best Bid → Won | B16: =INDEX($A$5:$A$8,MATCH(MAX($G$5:$G$8),$G$5:$G$8,0)) -> Shevk | C16: =MAX(G5:G8) -> 0.020833333 | D16: 3 wins in the cohort (Polina 2, Shevk 1); too few to rank reliably
A18: By Leadgen (Aug–Oct bids)
A19: Leadgen | B19: Bids | C19: Interviews | D19: Won | E19: Bid → Interview | F19: Bid → Won | G19: Interview → Won
A20: Alex | B20: =B9-B21-B22 -> 476 | C20: =COUNTIFS(Interviews!$C$2:$C$26,A20) -> 19 | D20: =SUMIFS(Interviews!$I$2:$I$26,Interviews!$C$2:$C$26,A20) -> 1 | E20: =IFERROR(C20/B20,0) -> 0.039915966 | F20: =IFERROR(D20/B20,0) -> 0.0021008403 | G20: =IFERROR(D20/C20,0) -> 0.052631579
A21: Nstya | B21: =COUNTIFS(Interviews!$C$2:$C$26,A21) -> 5 | C21: =COUNTIFS(Interviews!$C$2:$C$26,A21) -> 5 | D21: =SUMIFS(Interviews!$I$2:$I$26,Interviews!$C$2:$C$26,A21) -> 2 | E21: =IFERROR(C21/B21,0) -> 1 | F21: =IFERROR(D21/B21,0) -> 0.4 | G21: =IFERROR(D21/C21,0) -> 0.4
A22: INVITE | B22: =COUNTIFS(Interviews!$C$2:$C$26,A22) -> 1 | C22: =COUNTIFS(Interviews!$C$2:$C$26,A22) -> 1 | D22: =SUMIFS(Interviews!$I$2:$I$26,Interviews!$C$2:$C$26,A22) -> 0 | E22: =IFERROR(C22/B22,0) -> 1 | F22: =IFERROR(D22/B22,0) -> 0 | G22: =IFERROR(D22/C22,0) -> 0
A23: All 5 Nstya bids since 1 Aug became interviews, so her Bid → Interview reads 100%.

Sheet Weekly Trend
A1: Weekly funnel (weeks start Monday; first week counts 1–2 Aug only, last week counts 19–20 Oct)
A3: Week start | B3: Andrew bids | C3: Polina bids | D3: Shevk bids | E3: Yulia bids | F3: Total bids | G3: Interviews | H3: Won | I3: Bid → Interview | J3: Rolling 4-wk Bid → Interview | K3: Yulia interviews | L3: Other profiles interviews
A4: 46230 | B4: 2 | C4: 3 | D4: 2 | E4: 5 | F4: =SUM(B4:E4) -> 12 | G4: =COUNTIFS(Interviews!$A$2:$A$26,">="&A4,Interviews!$A$2:$A$26,"<"&(A4+7)) -> 1 | H4: =SUMIFS(Interviews!$I$2:$I$26,Interviews!$A$2:$A$26,">="&A4,Interviews!$A$2:$A$26,"<"&(A4+7)) -> 0 | I4: =IFERROR(G4/F4,0) -> 0.083333333 | K4: =COUNTIFS(Interviews!$A$2:$A$26,">="&A4,Interviews!$A$2:$A$26,"<"&(A4+7),Interviews!$B$2:$B$26,"Yulia") -> 1 | L4: =G4-K4 -> 0
A5: 46237 | B5: 5 | C5: 4 | D5: 3 | E5: 24 | F5: =SUM(B5:E5) -> 36 | G5: =COUNTIFS(Interviews!$A$2:$A$26,">="&A5,Interviews!$A$2:$A$26,"<"&(A5+7)) -> 3 | H5: =SUMIFS(Interviews!$I$2:$I$26,Interviews!$A$2:$A$26,">="&A5,Interviews!$A$2:$A$26,"<"&(A5+7)) -> 0 | I5: =IFERROR(G5/F5,0) -> 0.083333333 | K5: =COUNTIFS(Interviews!$A$2:$A$26,">="&A5,Interviews!$A$2:$A$26,"<"&(A5+7),Interviews!$B$2:$B$26,"Yulia") -> 3 | L5: =G5-K5 -> 0
A6: 46244 | B6: 3 | C6: 11 | D6: 3 | E6: 25 | F6: =SUM(B6:E6) -> 42 | G6: =COUNTIFS(Interviews!$A$2:$A$26,">="&A6,Interviews!$A$2:$A$26,"<"&(A6+7)) -> 1 | H6: =SUMIFS(Interviews!$I$2:$I$26,Interviews!$A$2:$A$26,">="&A6,Interviews!$A$2:$A$26,"<"&(A6+7)) -> 0 | I6: =IFERROR(G6/F6,0) -> 0.023809524 | K6: =COUNTIFS(Interviews!$A$2:$A$26,">="&A6,Interviews!$A$2:$A$26,"<"&(A6+7),Interviews!$B$2:$B$26,"Yulia") -> 1 | L6: =G6-K6 -> 0
A7: 46251 | B7: 3 | C7: 9 | D7: 1 | E7: 21 | F7: =SUM(B7:E7) -> 34 | G7: =COUNTIFS(Interviews!$A$2:$A$26,">="&A7,Interviews!$A$2:$A$26,"<"&(A7+7)) -> 4 | H7: =SUMIFS(Interviews!$I$2:$I$26,Interviews!$A$2:$A$26,">="&A7,Interviews!$A$2:$A$26,"<"&(A7+7)) -> 0 | I7: =IFERROR(G7/F7,0) -> 0.11764706 | J7: =IFERROR(SUM(G4:G7)/SUM(F4:F7),0) -> 0.072580645 | K7: =COUNTIFS(Interviews!$A$2:$A$26,">="&A7,Interviews!$A$2:$A$26,"<"&(A7+7),Interviews!$B$2:$B$26,"Yulia") -> 4 | L7: =G7-K7 -> 0
A8: 46258 | B8: 4 | C8: 8 | D8: 3 | E8: 24 | F8: =SUM(B8:E8) -> 39 | G8: =COUNTIFS(Interviews!$A$2:$A$26,">="&A8,Interviews!$A$2:$A$26,"<"&(A8+7)) -> 0 | H8: =SUMIFS(Interviews!$I$2:$I$26,Interviews!$A$2:$A$26,">="&A8,Interviews!$A$2:$A$26,"<"&(A8+7)) -> 0 | I8: =IFERROR(G8/F8,0) -> 0 | J8: =IFERROR(SUM(G5:G8)/SUM(F5:F8),0) -> 0.052980132 | K8: =COUNTIFS(Interviews!$A$2:$A$26,">="&A8,Interviews!$A$2:$A$26,"<"&(A8+7),Interviews!$B$2:$B$26,"Yulia") -> 0 | L8: =G8-K8 -> 0
A9: 46265 | B9: 4 | C9: 7 | D9: 4 | E9: 25 | F9: =SUM(B9:E9) -> 40 | G9: =COUNTIFS(Interviews!$A$2:$A$26,">="&A9,Interviews!$A$2:$A$26,"<"&(A9+7)) -> 3 | H9: =SUMIFS(Interviews!$I$2:$I$26,Interviews!$A$2:$A$26,">="&A9,Interviews!$A$2:$A$26,"<"&(A9+7)) -> 2 | I9: =IFERROR(G9/F9,0) -> 0.075 | J9: =IFERROR(SUM(G6:G9)/SUM(F6:F9),0) -> 0.051612903 | K9: =COUNTIFS(Interviews!$A$2:$A$26,">="&A9,Interviews!$A$2:$A$26,"<"&(A9+7),Interviews!$B$2:$B$26,"Yulia") -> 1 | L9: =G9-K9 -> 2
A10: 46272 | B10: 3 | C10: 12 | D10: 4 | E10: 23 | F10: =SUM(B10:E10) -> 42 | G10: =COUNTIFS(Interviews!$A$2:$A$26,">="&A10,Interviews!$A$2:$A$26,"<"&(A10+7)) -> 1 | H10: =SUMIFS(Interviews!$I$2:$I$26,Interviews!$A$2:$A$26,">="&A10,Interviews!$A$2:$A$26,"<"&(A10+7)) -> 0 | I10: =IFERROR(G10/F10,0) -> 0.023809524 | J10: =IFERROR(SUM(G7:G10)/SUM(F7:F10),0) -> 0.051612903 | K10: =COUNTIFS(Interviews!$A$2:$A$26,">="&A10,Interviews!$A$2:$A$26,"<"&(A10+7),Interviews!$B$2:$B$26,"Yulia") -> 0 | L10: =G10-K10 -> 1
A11: 46279 | B11: 1 | C11: 9 | D11: 4 | E11: 30 | F11: =SUM(B11:E11) -> 44 | G11: =COUNTIFS(Interviews!$A$2:$A$26,">="&A11,Interviews!$A$2:$A$26,"<"&(A11+7)) -> 2 | H11: =SUMIFS(Interviews!$I$2:$I$26,Interviews!$A$2:$A$26,">="&A11,Interviews!$A$2:$A$26,"<"&(A11+7)) -> 0 | I11: =IFERROR(G11/F11,0) -> 0.045454545 | J11: =IFERROR(SUM(G8:G11)/SUM(F8:F11),0) -> 0.036363636 | K11: =COUNTIFS(Interviews!$A$2:$A$26,">="&A11,Interviews!$A$2:$A$26,"<"&(A11+7),Interviews!$B$2:$B$26,"Yulia") -> 2 | L11: =G11-K11 -> 0
A12: 46286 | B12: 4 | C12: 8 | D12: 8 | E12: 21 | F12: =SUM(B12:E12) -> 41 | G12: =COUNTIFS(Interviews!$A$2:$A$26,">="&A12,Interviews!$A$2:$A$26,"<"&(A12+7)) -> 2 | H12: =SUMIFS(Interviews!$I$2:$I$26,Interviews!$A$2:$A$26,">="&A12,Interviews!$A$2:$A$26,"<"&(A12+7)) -> 0 | I12: =IFERROR(G12/F12,0) -> 0.048780488 | J12: =IFERROR(SUM(G9:G12)/SUM(F9:F12),0) -> 0.047904192 | K12: =COUNTIFS(Interviews!$A$2:$A$26,">="&A12,Interviews!$A$2:$A$26,"<"&(A12+7),Interviews!$B$2:$B$26,"Yulia") -> 2 | L12: =G12-K12 -> 0
A13: 46293 | B13: 6 | C13: 7 | D13: 5 | E13: 33 | F13: =SUM(B13:E13) -> 51 | G13: =COUNTIFS(Interviews!$A$2:$A$26,">="&A13,Interviews!$A$2:$A$26,"<"&(A13+7)) -> 5 | H13: =SUMIFS(Interviews!$I$2:$I$26,Interviews!$A$2:$A$26,">="&A13,Interviews!$A$2:$A$26,"<"&(A13+7)) -> 0 | I13: =IFERROR(G13/F13,0) -> 0.098039216 | J13: =IFERROR(SUM(G10:G13)/SUM(F10:F13),0) -> 0.056179775 | K13: =COUNTIFS(Interviews!$A$2:$A$26,">="&A13,Interviews!$A$2:$A$26,"<"&(A13+7),Interviews!$B$2:$B$26,"Yulia") -> 4 | L13: =G13-K13 -> 1
A14: 46300 | B14: 3 | C14: 15 | D14: 5 | E14: 26 | F14: =SUM(B14:E14) -> 49 | G14: =COUNTIFS(Interviews!$A$2:$A$26,">="&A14,Interviews!$A$2:$A$26,"<"&(A14+7)) -> 0 | H14: =SUMIFS(Interviews!$I$2:$I$26,Interviews!$A$2:$A$26,">="&A14,Interviews!$A$2:$A$26,"<"&(A14+7)) -> 0 | I14: =IFERROR(G14/F14,0) -> 0 | J14: =IFERROR(SUM(G11:G14)/SUM(F11:F14),0) -> 0.048648649 | K14: =COUNTIFS(Interviews!$A$2:$A$26,">="&A14,Interviews!$A$2:$A$26,"<"&(A14+7),Interviews!$B$2:$B$26,"Yulia") -> 0 | L14: =G14-K14 -> 0
A15: 46307 | B15: 2 | C15: 9 | D15: 6 | E15: 25 | F15: =SUM(B15:E15) -> 42 | G15: =COUNTIFS(Interviews!$A$2:$A$26,">="&A15,Interviews!$A$2:$A$26,"<"&(A15+7)) -> 2 | H15: =SUMIFS(Interviews!$I$2:$I$26,Interviews!$A$2:$A$26,">="&A15,Interviews!$A$2:$A$26,"<"&(A15+7)) -> 1 | I15: =IFERROR(G15/F15,0) -> 0.047619048 | J15: =IFERROR(SUM(G12:G15)/SUM(F12:F15),0) -> 0.049180328 | K15: =COUNTIFS(Interviews!$A$2:$A$26,">="&A15,Interviews!$A$2:$A$26,"<"&(A15+7),Interviews!$B$2:$B$26,"Yulia") -> 1 | L15: =G15-K15 -> 1
A16: 46314 | B16: 1 | C16: 3 | D16: 0 | E16: 6 | F16: =SUM(B16:E16) -> 10 | G16: =COUNTIFS(Interviews!$A$2:$A$26,">="&A16,Interviews!$A$2:$A$26,"<"&(A16+7)) -> 1 | H16: =SUMIFS(Interviews!$I$2:$I$26,Interviews!$A$2:$A$26,">="&A16,Interviews!$A$2:$A$26,"<"&(A16+7)) -> 0 | I16: =IFERROR(G16/F16,0) -> 0.1 | J16: =IFERROR(SUM(G13:G16)/SUM(F13:F16),0) -> 0.052631579 | K16: =COUNTIFS(Interviews!$A$2:$A$26,">="&A16,Interviews!$A$2:$A$26,"<"&(A16+7),Interviews!$B$2:$B$26,"Yulia") -> 0 | L16: =G16-K16 -> 1
A17: Total | B17: =SUM(B4:B16) -> 41 | C17: =SUM(C4:C16) -> 105 | D17: =SUM(D4:D16) -> 48 | E17: =SUM(E4:E16) -> 288 | F17: =SUM(F4:F16) -> 482 | G17: =SUM(G4:G16) -> 25 | H17: =SUM(H4:H16) -> 3 | I17: =IFERROR(G17/F17,0) -> 0.05186722 | K17: =SUM(K4:K16) -> 19 | L17: =SUM(L4:L16) -> 6
A18: Check vs By Profile bids | F18: =IF(F17='By Profile'!B9,"OK","MISMATCH") -> OK
A20: Source: Notion Upwork Bids grouped by week of Bid Date and Upwork Profile, pulled 2026-10-20 (blue). Interviews / Won count live from the Interviews tab.

Sheet Wins by Close Date
A1: Contracts won by the date they closed
A2: Includes wins from bids sent before 1 Aug. Source: Notion Upwork Bids + Interviews after the 20 Oct fixes (blue).
A4: Date Won | B4: Client | C4: Job Title | D4: Upwork Profile | E4: Leadgen | F4: Bid Date | G4: Days bid → won | H4: Closed in Aug–Oct (1/0)
A5: 46239 | B5: Ben Jacoby | C5: WordPress/ WooCommerce- ACF master | D5: Yulia | E5: Nstya | F5: 46227 | G5: =IF(A5="","",A5-F5) -> 12 | H5: =IF(AND(A5>=DATE(2026,8,1),A5<=DATE(2026,10,20)),1,0) -> 1
A6: 46273 | B6: Selva Ganesan | C6: Figma Designer for Website Visuals | D6: Polina | E6: Alex | F6: 46269 | G6: =IF(A6="","",A6-F6) -> 4 | H6: =IF(AND(A6>=DATE(2026,8,1),A6<=DATE(2026,10,20)),1,0) -> 1
A7: 46283 | B7: Miss Money Savvy | C7: WordPress Designer & Developer – UK Consumer Brand Website Redesign & Rebuild | D7: Polina | E7: Nstya | F7: 46268 | G7: =IF(A7="","",A7-F7) -> 15 | H7: =IF(AND(A7>=DATE(2026,8,1),A7<=DATE(2026,10,20)),1,0) -> 1
A8: 46308 | B8: Marc Staal | C8: Wordpress developer for a start-up | D8: Shevk | E8: Nstya | F8: 46307 | G8: =IF(A8="","",A8-F8) -> 1 | H8: =IF(AND(A8>=DATE(2026,8,1),A8<=DATE(2026,10,20)),1,0) -> 1
B9: John Brown | C9: WordPress Designer/Developer for Flight School Website | D9: Yulia | E9: Nstya | F9: 46211 | G9: =IF(A9="","",A9-F9) | H9: =IF(AND(A9>=DATE(2026,8,1),A9<=DATE(2026,10,20)),1,0) -> 0
A11: Closed Aug–Oct | H11: =SUM(H5:H9) -> 4
A12: …of which Leadgen Nstya | H12: =SUMPRODUCT((H5:H9=1)*(E5:E9="Nstya")) -> 3
A13: Avg days bid → won | H13: =AVERAGE(G5:G9) -> 8

Sheet Notes
A1: Definitions
A2: Bid → Interview = interviews ÷ bids sent in the same period, counted by Bid Date (cohort view).
A3: Bid → Won = won ÷ bids. Interview → Won = won ÷ interviews.
A4: Interview = Upwork Bids Status contains "Interview". All 25 since 1 Aug have a matching Interviews record.
A5: Won = Bids Status contains "Won" OR Interviews Stage = "Won". Statuses were corrected in Notion on 20 Oct (Selva Ganesan, Marc Staal, Miss Money Savvy). Jan–Jul wins come from Bids Status only.
A6: Organic = Leadgen Alex or Nstya. INVITE (1 bid, a client invitation) is excluded. All 5 Nstya bids since 1 Aug are interviews.
A8: Recent wins outside the cohort (bid sent before 1 Aug)
A9: Ben Jacoby (Yulia / Nstya, bid 24 Jul, won 5 Aug) and John Brown (Yulia / Nstya, bid 8 Jul, no Date Won). Their bids count in July. The Wins by Close Date tab shows them by close date.
A11: Data issues to fix in Notion
A12: 1. Fixed 20 Oct: Selva Ganesan and Marc Staal set to Won with Date Won. Ben Jacoby Date Won corrected to 5 Aug. John Brown Leadgen set to Nstya. Miss Money Savvy bid and Interview added (bid date 3 Sep assumed from the job page).
A13: 2. Miss Money Savvy Interview Started reads 20 Oct (record created then). Set the real date.
A14: 3. 14 of 25 interviews have no Interview Stage. None has a Lost reason.
... A20: Source pulled 2026-10-20 from Notion collections Upwork Bids (2bdbd8b6-0a63-8122-822b-000be14dd371) and Interviews (fd213f62-e364-4257-9ebd-67edd75e1e21).
